{
  "Author": "goat",
  "Name": "Ultrawide Cutscenes",
  "InternalName": "Dalamud.FullscreenCutscenes",
  "AssemblyVersion": "1.0.0.0",
  "Description": "This plugin removes the \"letterboxing\" bars when watching cutscenes on ultrawide monitors.\nBeware! You may see things that you are not supposed to be seeing, such as upcoming NPCs popping in or T-posing.\n\nThanks to aers for finding this.",
  "ApplicableVersion": "any",
  "RepoUrl": "https://github.com/goaaats/Dalamud.FullscreenCutscenes",
  "Tags": [
    "ultrawide",
    "cutscene",
    "fullscreen"
  ],
  "DalamudApiLevel": 8,
  "LoadRequiredState": 0,
  "LoadSync": false,
  "LoadPriority": 0,
  "Punchline": "Remove letterboxing from cutscenes on ultrawide monitors.",
  "AcceptsFeedback": true
}