{
  "Disabled": true,
  "Testing": false,
  "ScheduledForDeletion": false,
  "InstalledFromUrl": "OFFICIAL",
  "IsThirdParty": false,
  "EffectiveVersion": "1.0.0.0",
  "IsAvailableForTesting": false,
  "Author": "attickdoor",
  "Name": "Ability Ants",
  "Punchline": "Draw ants when things are off cooldown.",
  "Description": "For the WoW player who can't live without WeakAuras lighting up a button when it's off CD. /pants to configure.",
  "Changelog": "ants in your pants!",
  "Tags": [
    "combat",
    "ability",
    "ants",
    "aura"
  ],
  "CategoryTags": null,
  "IsHide": false,
  "InternalName": "AbilityAnts",
  "AssemblyVersion": "1.0.0.0",
  "TestingAssemblyVersion": null,
  "IsTestingExclusive": false,
  "RepoUrl": null,
  "ApplicableVersion": "any",
  "DalamudApiLevel": 8,
  "DownloadCount": 13649,
  "LastUpdate": 1673461738,
  "DownloadLinkInstall": "https://kamori.goats.dev/Plugin/Download/AbilityAnts?isUpdate=False&isTesting=False&branch=api8&isDip17=True",
  "DownloadLinkUpdate": "https://raw.githubusercontent.com/goatcorp/DalamudPlugins/api8/plugins/AbilityAnts/latest.zip",
  "DownloadLinkTesting": "https://kamori.goats.dev/Plugin/Download/AbilityAnts?isUpdate=False&isTesting=True&branch=api8&isDip17=True",
  "LoadRequiredState": 0,
  "LoadSync": false,
  "LoadPriority": 0,
  "CanUnloadAsync": false,
  "ImageUrls": null,
  "IconUrl": null,
  "AcceptsFeedback": true,
  "FeedbackMessage": null,
  "_isDip17Plugin": true,
  "_Dip17Channel": "stable"
}