{
  "Chat - Parsing Error": {
    "message": "Es ist ein Fehler aufgetreten beim Auslesen der Spielzeit.",
    "description": "Plugin.OnChatMessage"
  },
  "Chat - Not registered": {
    "message": "Dein aktueller Charakter ist noch nicht registriert, benutze /playtime einmalig.",
    "description": "TimeManager.PrintPlaytime"
  },
  "Chat - All characters": {
    "message": "Deine Spielzeit für alle Charaktere ist",
    "description": "TimeManager.PrintPlaytime"
  },
  "Time - Seconds": {
    "message": "Sekunden",
    "description": "TimeManager.GeneratePlaytime"
  },
  "Time - Minutes": {
    "message": "Minuten",
    "description": "TimeManager.GeneratePlaytime"
  },
  "Time - Hours": {
    "message": "Stunden",
    "description": "TimeManager.GeneratePlaytime"
  },
  "Time - Days": {
    "message": "Tage",
    "description": "TimeManager.GeneratePlaytime"
  },
  "Time - Day": {
    "message": "Tag",
    "description": "TimeManager.GeneratePlaytimeString"
  },
  "Time - Hour": {
    "message": "Stunde",
    "description": "TimeManager.GeneratePlaytimeString"
  },
  "Time - Minute": {
    "message": "Minute",
    "description": "TimeManager.GeneratePlaytimeString"
  },
  "Config - Button Playtime": {
    "message": "Zeige Spielzeit",
    "description": "GeneralSettings.RenderGeneralSettings"
  },
  "Config - Header Chat": {
    "message": "Chat Ausgabe:",
    "description": "GeneralSettings.RenderGeneralSettings"
  },
  "Config - Display Normal": {
    "message": "Normal",
    "description": "GeneralSettings.RenderGeneralSettings"
  },
  "Config - Current Character": {
    "message": "Zeige aktuellen Charakter",
    "description": "GeneralSettings.RenderGeneralSettings"
  },
  "Config - Other Characters": {
    "message": "Zeige andere Charaktere",
    "description": "GeneralSettings.RenderGeneralSettings"
  },
  "Config - Header Server Bar": {
    "message": "Server-Leiste:",
    "description": "GeneralSettings.RenderGeneralSettings"
  },
  "Config - Enabled": {
    "message": "Aktiviert",
    "description": "GeneralSettings.RenderGeneralSettings"
  },
  "Config - Header AutoSave": {
    "message": "Automatisches Speichern:",
    "description": "GeneralSettings.RenderGeneralSettings"
  },
  "Config - Display Header": {
    "message": "Anzeige Optionen:",
    "description": "GeneralSettings.RenderGeneralSettings"
  },
  "Tracker - On Character": {
    "message": "Dieser Charakter",
    "description": "PlaytimeTracker.DrawPlaytimeTrackerWindow"
  },
  "Tracker - Playtime under minute": {
    "message": "weniger als eine Minute",
    "description": "PlaytimeTracker.DrawPlaytimeTrackerWindow"
  },
  "Tracker - Total Playtime": {
    "message": "Gesamt:",
    "description": "PlaytimeTracker.DrawPlaytimeTrackerWindow"
  },
  "Tracker - Total Character Time": {
    "message": "Charakter insgesamt:",
    "description": "PlaytimeTracker.DrawPlaytimeTrackerWindow"
  }
}