{
  "Chat - Parsing Error": {
    "message": "Échec lors de l'analyse de votre temps de jeu.",
    "description": "Plugin.OnChatMessage"
  },
  "Chat - Not registered": {
    "message": "Le personnage actuel n'est pas encore enregistré, veuillez écrire /playtime pour le mettre à jour.",
    "description": "TimeManager.PrintPlaytime"
  },
  "Chat - All characters": {
    "message": "À travers tous les personnages, vous avez joué pendant",
    "description": "TimeManager.PrintPlaytime"
  },
  "Time - Seconds": {
    "message": "Secondes",
    "description": "TimeManager.GeneratePlaytime"
  },
  "Time - Minutes": {
    "message": "Minutes",
    "description": "TimeManager.GeneratePlaytime"
  },
  "Time - Hours": {
    "message": "Heures",
    "description": "TimeManager.GeneratePlaytime"
  },
  "Time - Days": {
    "message": "Jours",
    "description": "TimeManager.GeneratePlaytime"
  },
  "Time - Day": {
    "message": "Jour",
    "description": "TimeManager.GeneratePlaytimeString"
  },
  "Time - Hour": {
    "message": "Heure",
    "description": "TimeManager.GeneratePlaytimeString"
  },
  "Time - Minute": {
    "message": "Minute",
    "description": "TimeManager.GeneratePlaytimeString"
  },
  "Config - Button Playtime": {
    "message": "Afficher le temps de jeu",
    "description": "GeneralSettings.RenderGeneralSettings"
  },
  "Config - Header Chat": {
    "message": "Sortie du chat:",
    "description": "GeneralSettings.RenderGeneralSettings"
  },
  "Config - Display Normal": {
    "message": "Normal",
    "description": "GeneralSettings.RenderGeneralSettings"
  },
  "Config - Current Character": {
    "message": "Afficher le personnage actuel",
    "description": "GeneralSettings.RenderGeneralSettings"
  },
  "Config - Other Characters": {
    "message": "Afficher les autres personnages",
    "description": "GeneralSettings.RenderGeneralSettings"
  },
  "Config - Header Server Bar": {
    "message": "Barre de serveur:",
    "description": "GeneralSettings.RenderGeneralSettings"
  },
  "Config - Enabled": {
    "message": "Activé",
    "description": "GeneralSettings.RenderGeneralSettings"
  },
  "Config - Header AutoSave": {
    "message": "Sauvegarde auto. :",
    "description": "GeneralSettings.RenderGeneralSettings"
  },
  "Config - Display Header": {
    "message": "Option d'affichage :",
    "description": "GeneralSettings.RenderGeneralSettings"
  },
  "Tracker - On Character": {
    "message": "Sur le personnage",
    "description": "PlaytimeTracker.DrawPlaytimeTrackerWindow"
  },
  "Tracker - Playtime under minute": {
    "message": "moins d'une minute",
    "description": "PlaytimeTracker.DrawPlaytimeTrackerWindow"
  },
  "Tracker - Total Playtime": {
    "message": "Total :",
    "description": "PlaytimeTracker.DrawPlaytimeTrackerWindow"
  },
  "Tracker - Total Character Time": {
    "message": "Total du personnage :",
    "description": "PlaytimeTracker.DrawPlaytimeTrackerWindow"
  }
}