{
  "Chat - Parsing Error": {
    "message": "플레이타임 확인 불가.",
    "description": "Plugin.OnChatMessage"
  },
  "Chat - Not registered": {
    "message": "현재 로그인하지 않았습니다, /playtime 을 입력해 업데이트해주세요.",
    "description": "TimeManager.PrintPlaytime"
  },
  "Chat - All characters": {
    "message": "모든 캐릭터의 플레이타임을 합친 시간 :",
    "description": "TimeManager.PrintPlaytime"
  },
  "Time - Seconds": {
    "message": "초",
    "description": "TimeManager.GeneratePlaytime"
  },
  "Time - Minutes": {
    "message": "분",
    "description": "TimeManager.GeneratePlaytime"
  },
  "Time - Hours": {
    "message": "시간",
    "description": "TimeManager.GeneratePlaytime"
  },
  "Time - Days": {
    "message": "일",
    "description": "TimeManager.GeneratePlaytime"
  },
  "Time - Day": {
    "message": "일",
    "description": "TimeManager.GeneratePlaytimeString"
  },
  "Time - Hour": {
    "message": "시",
    "description": "TimeManager.GeneratePlaytimeString"
  },
  "Time - Minute": {
    "message": "분",
    "description": "TimeManager.GeneratePlaytimeString"
  },
  "Config - Button Playtime": {
    "message": "플레이타임 확인하기",
    "description": "GeneralSettings.RenderGeneralSettings"
  },
  "Config - Header Chat": {
    "message": "Chat Output:",
    "description": "GeneralSettings.RenderGeneralSettings"
  },
  "Config - Display Normal": {
    "message": "Normal",
    "description": "GeneralSettings.RenderGeneralSettings"
  },
  "Config - Current Character": {
    "message": "현재 캐릭터 보기",
    "description": "GeneralSettings.RenderGeneralSettings"
  },
  "Config - Other Characters": {
    "message": "다른 캐릭터 보기",
    "description": "GeneralSettings.RenderGeneralSettings"
  },
  "Config - Header Server Bar": {
    "message": "Server Bar:",
    "description": "GeneralSettings.RenderGeneralSettings"
  },
  "Config - Enabled": {
    "message": "Enabled",
    "description": "GeneralSettings.RenderGeneralSettings"
  },
  "Config - Header AutoSave": {
    "message": "AutoSave:",
    "description": "GeneralSettings.RenderGeneralSettings"
  },
  "Config - Display Header": {
    "message": "Display Option:",
    "description": "GeneralSettings.RenderGeneralSettings"
  },
  "Tracker - On Character": {
    "message": "On Character",
    "description": "PlaytimeTracker.DrawPlaytimeTrackerWindow"
  },
  "Tracker - Playtime under minute": {
    "message": "1분 미만",
    "description": "PlaytimeTracker.DrawPlaytimeTrackerWindow"
  },
  "Tracker - Total Playtime": {
    "message": "총 플레이 시간:",
    "description": "PlaytimeTracker.DrawPlaytimeTrackerWindow"
  },
  "Tracker - Total Character Time": {
    "message": "모든 캐릭터의 총 플레이 시간:",
    "description": "PlaytimeTracker.DrawPlaytimeTrackerWindow"
  }
}