{
  "Author": "Chirp",
  "Name": "Ktisis",
  "InternalName": "Ktisis",
  "AssemblyVersion": "0.2.3.1",
  "Description": "A robust posing tool for creating screenshots in GPose.",
  "ApplicableVersion": "any",
  "RepoUrl": "https://github.com/ktisis-tools/Ktisis",
  "Tags": [
    "gpose",
    "posing"
  ],
  "DalamudApiLevel": 7,
  "LoadRequiredState": 0,
  "LoadSync": false,
  "LoadPriority": 0,
  "IconUrl": "https://github.com/ktisis-tools/Ktisis/raw/main/icon.png",
  "Punchline": "A robust posing tool for creating screenshots in GPose.",
  "AcceptsFeedback": true
}