{
  "Author": "LeonBlade",
  "Name": "Burning Down the House",
  "Description": "Move around housing items with coordinates and allows you to place anywhere.",
  "InternalName": "BDTHPlugin",
  "AssemblyVersion": "1.5.7",
  "RepoUrl": "https://github.com/LeonBlade/BDTHPlugin",
  "ApplicableVersion": "any",
  "Tags": ["bdth", "housing", "float", "place", "glitch", "furnishing", "LeonBlade"],
  "DalamudApiLevel": 7,
  "IconUrl": "https://github.com/LeonBlade/BDTHPlugin/raw/main/icon.png"
}
